{
    "Logistic Regression": {
        "accuracy": 0.8661764705882353,
        "f1": 0.8661807363921534,
        "report": "              precision    recall  f1-score   support\n\n    COVID-19       0.84      0.90      0.87       266\n      NORMAL       0.89      0.84      0.87       188\n   PNEUMONIA       0.88      0.85      0.87       226\n\n    accuracy                           0.87       680\n   macro avg       0.87      0.86      0.87       680\nweighted avg       0.87      0.87      0.87       680\n"
    },
    "Random Forest": {
        "accuracy": 0.8705882352941177,
        "f1": 0.8704855100328757,
        "report": "              precision    recall  f1-score   support\n\n    COVID-19       0.86      0.89      0.88       266\n      NORMAL       0.87      0.84      0.86       188\n   PNEUMONIA       0.88      0.87      0.88       226\n\n    accuracy                           0.87       680\n   macro avg       0.87      0.87      0.87       680\nweighted avg       0.87      0.87      0.87       680\n"
    }
}